source_id,year,title,authors,venue,publication_type,review_status,url,cluster,method_family,normal_only_asd,signal_level_transformation,evaluates_asd_metrics,evaluates_known_component_safety,reports_reference_contamination,result_direction,key_finding,audit_relationship
dcase2026_task_results,2026,DCASE 2026 Task 2 Official Results and Technical Reports,DCASE 2026 Task 2 organizers and participating teams,DCASE 2026 Challenge,benchmark_specification,official_specification,https://dcase.community/challenge2026/task-first-shot-unsupervised-anomalous-sound-detection-for-machine-condition-monitoring-results,task_context,benchmark_definition,True,False,True,False,True,context,"The official result collection shows a broad performance frontier built from heterogeneous encoders, scoring backends, stereo views, calibration rules, and ensembles, with large machine-dependent variation.","Defines the contemporary comparison set and prevents CARE-ASD from treating ordinary score fusion, stereo processing, or multi-backend ensembling as a new contribution."
dcase2026_submission_policy,2026,DCASE 2026 Challenge Submission and Technical Report Policy,DCASE 2026 organizers,DCASE 2026 Challenge,benchmark_specification,official_specification,https://dcase.community/challenge2026/submission,task_context,benchmark_definition,False,False,False,False,False,context,The official policy distinguishes challenge technical reports from peer-reviewed workshop publications and fixes how system evidence must be described.,Requires every DCASE technical report in this delta to be treated as a current primary system description rather than peer-reviewed scientific confirmation.
zhou2026_backend_systematic,2026,Scoring Backends Matter More Than Pooling: A Systematic Study of Training-Free Anomalous Sound Detection under Domain Shift,Jingwen Zhou; Mingzhe Wang,arXiv,arxiv_preprint,not_peer_reviewed,https://arxiv.org/abs/2606.19269,direct_asd,backend_diversity_fusion,True,False,True,False,False,mixed,"Backend choice moves target-domain AUC much more than temporal pooling; train-normal z-normalized minimum fusion nearly closes the per-machine oracle gap, while proxy-outlier pseudo-validation fails because candidates saturate.",Directly argues against another pooling search and warns that the pseudo-fault selection signal used to motivate expert choice can be uninformative even when candidate backends differ on real anomalies.
mkrtchian2026_daco,2026,Training-Free Model Selection and Domain-Aware Score Calibration for First-Shot Anomalous Sound Detection,Grach Mkrtchian,arXiv,arxiv_preprint,not_peer_reviewed,https://arxiv.org/abs/2607.04526,direct_asd,domain_aware_score_calibration,True,False,True,False,False,mixed,"A cross-validated normal-only domain-balance criterion predicts DCASE 2025 evaluation ranking better than development score, but can select degenerate maps unless paired with a coarse labeled-development viability veto.","Makes domain calibration and label-free selection mandatory comparators, while prohibiting claims that a normal-only criterion alone establishes anomaly-detection power or cross-year transfer."
jeong2026_cross_channel_residual,2026,Cross-Channel and Raw-Spectral Detector Ensembles for First-Shot Noise-Aware Anomalous Sound Detection,Seunggyu Jeong; Seong-Eun Kim,DCASE 2026 Challenge technical report,challenge_technical_report,not_peer_reviewed,https://dcase.community/documents/challenge2026/technical_reports/DCASE2026_Jeong_66_t2.pdf,direct_asd,cross_channel_predictive_residual,True,False,True,False,True,benefit,"A ridge predictor of far-channel embeddings from near-channel embeddings supplies a predictive-consistency residual, while a separate raw-log-mel Mahalanobis detector adds representation diversity beyond the embedding density core.","Shows that cross-channel predictive residuals and raw-spectral rescue are prior art; a successor can use them only as comparators or contribute a distinct safety, identifiability, or transfer test."
shokriazar2026_shiftall_ldknn,2026,"Noise-Aware First-Shot Unsupervised Anomalous Sound Detection via Frozen Encoders, Wiener Denoising, and Shiftall-LDKNN Scoring",Yasaman Shokriazar; Arian Moradi; Felix Leber; Alfiia Ziganshina,DCASE 2026 Challenge technical report,challenge_technical_report,not_peer_reviewed,https://dcase.community/documents/challenge2026/technical_reports/DCASE2026_Moradi_97_t2.pdf,direct_asd,multi_encoder_multiview_fusion,True,True,True,False,True,benefit,"Frozen BEATs and EAT views, Wiener denoising, raw near-minus-far audio, LDKNN, and train-only source-to-target mean-shift augmentation are fused with weights assessed by strict leave-one-machine-out validation.","Provides a strong existing multi-view route and a leakage-conscious LOMO protocol, making approximate reconstruction expensive and scientifically weak unless CARE-ASD isolates a new mechanism."
kajita2026_train_normal_profile,2026,A Train-Normal Profile Ensemble for Noise-Aware Unsupervised Anomalous Sound Detection,Hisataka Kajita,DCASE 2026 Challenge technical report,challenge_technical_report,not_peer_reviewed,https://dcase.community/documents/challenge2026/technical_reports/DCASE2026_Kajita_4_t2.pdf,direct_asd,train_normal_profile_ensemble,True,False,True,False,True,mixed,"A broad normal-profile component bank compares consensus, top-tail rescue, two-sided rank, and agreement-balanced aggregation; the reported development replay favors domain consensus over top-tail rescue.",Removes sparse top-tail rescue as a novel immediate response to V10 and supplies direct counterevidence against assuming that sparse expert activation should improve the official score.
jiang2026_aithu_fusion,2026,AITHU Submission for DCASE 2026 Task 2: Robust Machine-Wise Scoring with BEATs Representations,Anbai Jiang; Xinhu Zheng; Wenrui Liang; Shuwei Zhang; Tianyu Liu; Jia Liu; Pingyi Fan; Wei-Qiang Zhang; Cheng Lu; Xie Chen; Yanmin Qian,DCASE 2026 Challenge technical report,challenge_technical_report,not_peer_reviewed,https://dcase.community/documents/challenge2026/technical_reports/DCASE2026_Jiang_125_t2.pdf,direct_asd,heterogeneous_score_fusion,True,False,True,False,False,benefit,"Heterogeneous BEATs scoring branches, independent training seeds, and generative augmentation are selected and fused at score level, with a reported development harmonic mean of 68.20 percent.",Shows that generic complementarity and BEATs score fusion are already crowded prior art and that competitive systems use diversity beyond the three correlated fixed branches tested by V10.
leclei2022_n_minus_one,2022,N-1 Experts: Unsupervised Anomaly Detection Model Selection,Constantin Le Clei; Yasha Pushak; Fatjon Zogaj; Moein Owhadi-Kareshk; Zahra Zohrevand; Robert Harlow; Hesam Fathi Moghadam; Sungpack Hong; Hassan Chafi,AutoML 2022 Late-Breaking Workshop,workshop_paper,not_peer_reviewed,https://openreview.net/pdf?id=7rHwie6nQos,adjacent_model_selection,unsupervised_model_selection,False,False,False,False,False,benefit,"Candidate anomaly detectors can be ranked by agreement with a panel of other detectors without labeled target data, under an assumption that detector errors and anomaly definitions are sufficiently diverse.",Establishes adjacent prior art for agreement-based unsupervised model selection and exposes the diversity assumption that V10's uniformly inactive expert family does not satisfy.
