reference,candidate,domain,metric,excluded_machine_type,excluded_section,retained_machine_sections,full_mean_delta,leave_one_out_mean_delta,deviation_from_full,sign_matches_full
B00,B01,all,auc,ToyCar,section_00,6,-0.005614285714285683,-0.009716666666666632,-0.004102380952380949,True
B00,B01,all,auc,ToyCarEmu,section_00,6,-0.005614285714285683,0.003300000000000025,0.008914285714285708,False
B00,B01,all,auc,bearingEmu,section_00,6,-0.005614285714285683,-0.019266666666666637,-0.013652380952380954,True
B00,B01,all,auc,fan,section_00,6,-0.005614285714285683,-0.012116666666666645,-0.006502380952380963,True
B00,B01,all,auc,gearboxEmu,section_00,6,-0.005614285714285683,-0.00984999999999997,-0.004235714285714287,True
B00,B01,all,auc,sliderEmu,section_00,6,-0.005614285714285683,-0.010433333333333294,-0.004819047619047612,True
B00,B01,all,auc,valveEmu,section_00,6,-0.005614285714285683,0.018783333333333374,0.024397619047619057,False
B00,B01,all,pauc_max_fpr_0_1,ToyCar,section_00,6,-0.01932330827067665,-0.022543859649122755,-0.0032205513784461064,True
B00,B01,all,pauc_max_fpr_0_1,ToyCarEmu,section_00,6,-0.01932330827067665,-0.011052631578947333,0.008270676691729316,True
B00,B01,all,pauc_max_fpr_0_1,bearingEmu,section_00,6,-0.01932330827067665,-0.02377192982456135,-0.004448621553884702,True
B00,B01,all,pauc_max_fpr_0_1,fan,section_00,6,-0.01932330827067665,-0.01798245614035084,0.0013408521303258092,True
B00,B01,all,pauc_max_fpr_0_1,gearboxEmu,section_00,6,-0.01932330827067665,-0.024912280701754348,-0.005588972431077699,True
B00,B01,all,pauc_max_fpr_0_1,sliderEmu,section_00,6,-0.01932330827067665,-0.02228070175438592,-0.0029573934837092697,True
B00,B01,all,pauc_max_fpr_0_1,valveEmu,section_00,6,-0.01932330827067665,-0.012719298245613983,0.006604010025062666,True
B00,B01,source,auc,ToyCar,section_00,6,0.004457142857142874,0.001333333333333353,-0.003123809523809521,True
B00,B01,source,auc,ToyCarEmu,section_00,6,0.004457142857142874,0.012266666666666684,0.0078095238095238105,True
B00,B01,source,auc,bearingEmu,section_00,6,0.004457142857142874,-0.002666666666666669,-0.007123809523809543,False
B00,B01,source,auc,fan,section_00,6,0.004457142857142874,-0.025399999999999978,-0.029857142857142853,False
B00,B01,source,auc,gearboxEmu,section_00,6,0.004457142857142874,-0.00379999999999997,-0.008257142857142845,False
B00,B01,source,auc,sliderEmu,section_00,6,0.004457142857142874,3.700743415417188e-17,-0.004457142857142837,True
B00,B01,source,auc,valveEmu,section_00,6,0.004457142857142874,0.04946666666666666,0.045009523809523784,True
B00,B01,source,pauc_max_fpr_0_1,ToyCar,section_00,6,0.007518796992481187,0.009122807017543847,0.0016040100250626597,True
B00,B01,source,pauc_max_fpr_0_1,ToyCarEmu,section_00,6,0.007518796992481187,0.005263157894736831,-0.0022556390977443563,True
B00,B01,source,pauc_max_fpr_0_1,bearingEmu,section_00,6,0.007518796992481187,0.008070175438596458,0.0005513784461152714,True
B00,B01,source,pauc_max_fpr_0_1,fan,section_00,6,0.007518796992481187,-9.25185853854297e-18,-0.0075187969924811965,False
B00,B01,source,pauc_max_fpr_0_1,gearboxEmu,section_00,6,0.007518796992481187,0.0035087719298245446,-0.004010025062656642,True
B00,B01,source,pauc_max_fpr_0_1,sliderEmu,section_00,6,0.007518796992481187,0.004210526315789452,-0.003308270676691735,True
B00,B01,source,pauc_max_fpr_0_1,valveEmu,section_00,6,0.007518796992481187,0.022456140350877184,0.014937343358395997,True
B00,B01,target,auc,ToyCar,section_00,6,-0.02034285714285718,-0.028600000000000042,-0.008257142857142862,True
B00,B01,target,auc,ToyCarEmu,section_00,6,-0.02034285714285718,-0.004200000000000047,0.016142857142857132,True
B00,B01,target,auc,bearingEmu,section_00,6,-0.02034285714285718,-0.03973333333333335,-0.01939047619047617,True
B00,B01,target,auc,fan,section_00,6,-0.02034285714285718,-0.0064000000000000445,0.013942857142857135,True
B00,B01,target,auc,gearboxEmu,section_00,6,-0.02034285714285718,-0.02353333333333336,-0.003190476190476181,True
B00,B01,target,auc,sliderEmu,section_00,6,-0.02034285714285718,-0.02520000000000004,-0.0048571428571428585,True
B00,B01,target,auc,valveEmu,section_00,6,-0.02034285714285718,-0.014733333333333367,0.0056095238095238125,True
B00,B01,target,pauc_max_fpr_0_1,ToyCar,section_00,6,-0.0213533834586466,-0.02491228070175437,-0.0035588972431077684,True
B00,B01,target,pauc_max_fpr_0_1,ToyCarEmu,section_00,6,-0.0213533834586466,-0.0073684210526315614,0.013984962406015038,True
B00,B01,target,pauc_max_fpr_0_1,bearingEmu,section_00,6,-0.0213533834586466,-0.025964912280701746,-0.004611528822055146,True
B00,B01,target,pauc_max_fpr_0_1,fan,section_00,6,-0.0213533834586466,-0.02210526315789472,-0.0007518796992481216,True
B00,B01,target,pauc_max_fpr_0_1,gearboxEmu,section_00,6,-0.0213533834586466,-0.02491228070175437,-0.0035588972431077684,True
B00,B01,target,pauc_max_fpr_0_1,sliderEmu,section_00,6,-0.0213533834586466,-0.025614035087719273,-0.004260651629072673,True
B00,B01,target,pauc_max_fpr_0_1,valveEmu,section_00,6,-0.0213533834586466,-0.018596491228070167,0.0027568922305764333,True
B00,B02,all,auc,ToyCar,section_00,6,-0.0018571428571428747,-0.004700000000000019,-0.0028428571428571444,True
B00,B02,all,auc,ToyCarEmu,section_00,6,-0.0018571428571428747,-0.0009333333333333416,0.0009238095238095331,True
B00,B02,all,auc,bearingEmu,section_00,6,-0.0018571428571428747,-0.0023000000000000242,-0.00044285714285714956,True
B00,B02,all,auc,fan,section_00,6,-0.0018571428571428747,-0.0019166666666666776,-5.952380952380294e-05,True
B00,B02,all,auc,gearboxEmu,section_00,6,-0.0018571428571428747,-0.0018500000000000367,7.142857142837956e-06,True
B00,B02,all,auc,sliderEmu,section_00,6,-0.0018571428571428747,-0.0025166666666666857,-0.000659523809523811,True
B00,B02,all,auc,valveEmu,section_00,6,-0.0018571428571428747,0.0012166666666666621,0.003073809523809537,False
B00,B02,all,pauc_max_fpr_0_1,ToyCar,section_00,6,-0.006015037593984933,-0.00587719298245611,0.00013784461152882305,True
B00,B02,all,pauc_max_fpr_0_1,ToyCarEmu,section_00,6,-0.006015037593984933,0.0001754385964912545,0.006190476190476188,False
B00,B02,all,pauc_max_fpr_0_1,bearingEmu,section_00,6,-0.006015037593984933,-0.007192982456140325,-0.0011779448621553916,True
B00,B02,all,pauc_max_fpr_0_1,fan,section_00,6,-0.006015037593984933,-0.0073684210526315614,-0.0013533834586466282,True
B00,B02,all,pauc_max_fpr_0_1,gearboxEmu,section_00,6,-0.006015037593984933,-0.008947368421052593,-0.0029323308270676595,True
B00,B02,all,pauc_max_fpr_0_1,sliderEmu,section_00,6,-0.006015037593984933,-0.007105263157894707,-0.0010902255639097741,True
B00,B02,all,pauc_max_fpr_0_1,valveEmu,section_00,6,-0.006015037593984933,-0.005789473684210493,0.00022556390977444048,True
B00,B02,source,auc,ToyCar,section_00,6,-0.008399999999999947,-0.013066666666666615,-0.004666666666666668,True
B00,B02,source,auc,ToyCarEmu,section_00,6,-0.008399999999999947,-0.009533333333333264,-0.001133333333333316,True
B00,B02,source,auc,bearingEmu,section_00,6,-0.008399999999999947,-0.009399999999999964,-0.0010000000000000165,True
B00,B02,source,auc,fan,section_00,6,-0.008399999999999947,-0.009866666666666616,-0.0014666666666666682,True
B00,B02,source,auc,gearboxEmu,section_00,6,-0.008399999999999947,-0.005733333333333275,0.002666666666666672,True
B00,B02,source,auc,sliderEmu,section_00,6,-0.008399999999999947,-0.009599999999999923,-0.0011999999999999754,True
B00,B02,source,auc,valveEmu,section_00,6,-0.008399999999999947,-0.0015999999999999719,0.006799999999999975,True
B00,B02,source,pauc_max_fpr_0_1,ToyCar,section_00,6,0.0033082706766917286,0.0017543859649122862,-0.0015538847117794424,True
B00,B02,source,pauc_max_fpr_0_1,ToyCarEmu,section_00,6,0.0033082706766917286,0.00421052631578947,0.0009022556390977416,True
B00,B02,source,pauc_max_fpr_0_1,bearingEmu,section_00,6,0.0033082706766917286,0.0049122807017543775,0.001604010025062649,True
B00,B02,source,pauc_max_fpr_0_1,fan,section_00,6,0.0033082706766917286,0.00421052631578947,0.0009022556390977416,True
B00,B02,source,pauc_max_fpr_0_1,gearboxEmu,section_00,6,0.0033082706766917286,0.0021052631578947303,-0.0012030075187969983,True
B00,B02,source,pauc_max_fpr_0_1,sliderEmu,section_00,6,0.0033082706766917286,0.0024561403508772026,-0.000852130325814526,True
B00,B02,source,pauc_max_fpr_0_1,valveEmu,section_00,6,0.0033082706766917286,0.003508771929824563,0.00020050125313283464,True
B00,B02,target,auc,ToyCar,section_00,6,-0.003085714285714255,-0.0047999999999999805,-0.0017142857142857255,True
B00,B02,target,auc,ToyCarEmu,section_00,6,-0.003085714285714255,0.004800000000000036,0.007885714285714291,False
B00,B02,target,auc,bearingEmu,section_00,6,-0.003085714285714255,-0.003533333333333305,-0.00044761904761905,True
B00,B02,target,auc,fan,section_00,6,-0.003085714285714255,-0.003199999999999962,-0.00011428571428570697,True
B00,B02,target,auc,gearboxEmu,section_00,6,-0.003085714285714255,-0.007399999999999972,-0.004314285714285717,True
B00,B02,target,auc,sliderEmu,section_00,6,-0.003085714285714255,-0.003466666666666627,-0.000380952380952372,True
B00,B02,target,auc,valveEmu,section_00,6,-0.003085714285714255,-0.003999999999999976,-0.0009142857142857208,True
B00,B02,target,pauc_max_fpr_0_1,ToyCar,section_00,6,-0.010225563909774424,-0.011929824561403493,-0.0017042606516290693,True
B00,B02,target,pauc_max_fpr_0_1,ToyCarEmu,section_00,6,-0.010225563909774424,-0.002456140350877175,0.007769423558897249,True
B00,B02,target,pauc_max_fpr_0_1,bearingEmu,section_00,6,-0.010225563909774424,-0.012280701754385948,-0.0020551378446115234,True
B00,B02,target,pauc_max_fpr_0_1,fan,section_00,6,-0.010225563909774424,-0.011578947368421041,-0.0013533834586466169,True
B00,B02,target,pauc_max_fpr_0_1,gearboxEmu,section_00,6,-0.010225563909774424,-0.011929824561403493,-0.0017042606516290693,True
B00,B02,target,pauc_max_fpr_0_1,sliderEmu,section_00,6,-0.010225563909774424,-0.011228070175438587,-0.0010025062656641628,True
B00,B02,target,pauc_max_fpr_0_1,valveEmu,section_00,6,-0.010225563909774424,-0.010175438596491226,5.012531328319782e-05,True
